<?xml version="1.0" encoding="UTF-8"?>
<project-private xmlns="http://www.netbeans.org/ns/project-private/1">
    <editor-bookmarks xmlns="http://www.netbeans.org/ns/editor-bookmarks/2" lastBookmarkId="0"/>
    <open-files xmlns="http://www.netbeans.org/ns/projectui-open-files/2">
        <group>
            <file>file:/C:/Users/RAFA/Documents/NetBeansProjects/AppChat/src/appchat/servidor/HiloDeCliente.java</file>
            <file>file:/C:/Users/RAFA/Documents/NetBeansProjects/AppChat/src/appchat/cliente/ControlCliente.java</file>
            <file>file:/C:/Users/RAFA/Documents/NetBeansProjects/AppChat/src/appchat/cliente/ClienteChat.java</file>
            <file>file:/C:/Users/RAFA/Documents/NetBeansProjects/AppChat/src/appchat/servidor/ServidorChat.java</file>
        </group>
    </open-files>
</project-private>
